beach,lon,lat
0,11.08613611,42.61646667
1,14.766452,40.662233
2,14.779025,40.651428
3,15.08747377,44.34881111
4,15.08747436,44.33250556
5,15.08746953,44.29532222
6,15.08747543,44.31706389
7,15.08747544,44.31706389
8,15.38698611,41.90286389
9,14.48058333,40.70018333
10,15.08747311,44.37306667
11,15.08747096,44.38575833
12,15.08746129,43.82115278
13,15.08747097,44.38575833
14,15.08747095,44.37092222
15,15.08746566,43.83426389
16,15.08747545,44.31706389
17,15.08747982,44.103175
18,15.08747696,44.27314722
19,15.08748084,44.07883056
20,15.08746724,44.14886111
21,15.08746455,43.260025
22,15.08746599,43.94949444
23,15.08748076,43.43333333
24,15.08748077,43.43333333
25,15.087466,43.94949444
26,14.94433611,40.28613611
27,15.130875,41.945659
28,10.219176,42.729038
29,15.0874638,40.21541111
30,15.08746494,43.79041667
31,15.08746766,44.16852222
32,14.771237,40.634318
33,15.08746827,44.226425
34,15.08746513,43.77981389
35,15.08748028,44.10673611
36,15.08748038,44.10259167
37,15.08748085,44.07883056
38,15.08746828,44.226425
39,15.0874719,44.393625
40,15.08748086,44.07883056
41,14.992497,40.364392
42,15.08746495,43.79041667
43,15.08748087,44.07883056
44,15.96424167,41.45736667
45,15.08746786,44.18193889
46,14.410805,40.739233
47,8.613919,38.936624
48,14.789774,40.650202
49,15.08746241,40.19610556
50,15.08746767,44.16852222
51,15.08746384,40.16840833
52,15.08746322,40.95988889
53,15.08746588,43.92390833
54,14.947878,40.463294
55,15.08746589,43.92390833
56,14.874353,40.566027
57,15.0874776,44.23746667
58,9.647641,39.455489
59,14.923235,40.290253
60,14.940729,40.47281
61,15.0874811,44.04984167
62,15.08748088,44.07883056
63,14.94005,40.286137
64,14.897023,40.526111
65,15.08748029,44.10673611
66,14.951506,40.434814
67,15.08746431,40.203175
68,15.08746904,44.24865
69,15.08747437,44.33250556
70,15.087479,44.14638889
71,15.08747761,44.23746667
72,15.08746387,40.14808889
73,15.08747546,44.31706389
74,15.08747848,44.16951111
75,15.08747697,44.27314722
76,15.08747814,44.20818611
77,15.08746843,44.226425
78,15.08747701,44.25155278
79,15.08748004,40.42427778
80,15.08747763,44.23746667
81,15.08747117,44.39031389
82,15.08747698,44.27314722
83,15.08746242,40.19610556
84,15.08747049,44.34073889
85,15.08747497,44.35220278
86,15.98260556,41.46969722
87,15.0874649,43.77884722
88,15.08746491,43.77884722
89,15.08748075,44.08666667
90,7.26462,43.684657
91,15.08746794,44.20565833
92,15.08746795,44.20565833
93,15.08746787,44.18193889
94,15.08746796,44.20565833
95,15.08746844,44.226425
96,15.08747489,44.34763056
97,15.08746458,43.48444167
98,15.08747766,44.23831667
99,15.08747767,44.23831667
100,15.08746243,40.19610556
101,14.949777,40.448284
102,15.08746444,40.13048889
103,15.076911,44.396156
104,15.12786111,37.47526667
105,15.0874659,43.92390833
106,15.08746535,43.81840556
107,15.08748005,40.42630278
108,15.08746536,43.81840556
109,14.937871,40.340156
110,15.08746492,43.77884722
111,15.08746493,43.77884722
112,15.087465,43.79041667
113,15.08747815,40.94814722
114,15.08746845,44.226425
115,15.08746846,44.226425
116,15.0874705,44.34073889
117,15.08746847,44.226425
118,15.08747288,44.38
119,15.08747736,42.69855278
120,15.08747927,42.81742778
121,15.08747735,42.69855278
122,15.08746797,44.20565833
123,15.08747263,44.38328611
124,15.08748071,44.08167778
125,15.08747043,44.32991667
126,14.957698,40.424281
127,15.08747264,44.38328611
128,15.08746118,40.13928889
129,15.08747169,41.00871667
130,15.08747896,40.18285833
131,15.08746382,40.18470833
132,15.08748072,44.08143611
133,15.0874644,40.18410556
134,15.08746441,40.18410556
135,15.08748073,44.08143611
136,15.08746848,44.226425
137,15.08746331,42.77734722
138,15.08747816,40.94814722
139,15.08747849,44.16951111
140,15.08746442,40.18410556
141,15.08746849,44.226425
142,15.0874789,40.22574167
143,15.08746537,43.81840556
144,15.0874685,44.226425
145,15.08746601,43.94949444
146,15.08747833,44.18245
147,15.08747901,44.14638889
148,15.08747835,44.18245
149,15.0874785,44.16951111
150,15.08747834,44.18245
151,15.08747811,42.14063056
152,15.670342,40.033656
153,15.21669167,38.77438611
154,15.08747378,44.34881111
155,15.08747836,44.18245
156,15.08746905,44.24865
157,15.08747379,44.34881111
158,15.08747838,44.18245
159,15.08747837,44.18245
160,15.08746507,43.78494722
161,15.08747392,44.31586111
162,15.08746119,40.13928889
163,15.08746788,44.18193889
164,15.08746789,44.18193889
165,14.992165,40.208372
166,15.08747192,44.18951111
167,15.08747821,40.94515833
168,15.0874781,42.13720833
169,15.08747839,40.95887778
170,8.457164,40.055867
171,15.08747695,44.26776111
172,15.08746452,43.107225
173,15.08747401,44.31266667
174,15.08747326,44.35226667
175,15.08747196,44.39150556
176,12.32912222,44.43790278
177,15.08748031,43.00364722
178,15.08747739,42.94093056
179,15.0874647,43.69103056
180,15.08747541,42.70055
181,15.08746945,44.29532222
182,15.08746576,43.88316944
183,15.08746577,43.88316944
184,15.0874648,43.68416944
185,15.08747445,44.33670556
186,15.08747626,44.27902778
187,15.08746801,44.20531111
188,15.08746932,44.24573333
189,15.08746534,43.81758889
190,15.08747827,44.18133333
191,8.214635,44.028373
192,15.08747526,44.31529167
193,15.08746884,40.1927
194,15.08746802,44.20531111
195,15.08746946,44.29532222
196,15.08746867,44.22732778
197,15.08747446,44.33670556
198,15.08746803,44.20531111
199,15.08747197,44.39150556
200,15.08747627,44.27902778
201,15.08747628,44.27902778
202,15.08746502,43.78617778
203,15.08746947,44.29532222
204,15.091133,43.984533
205,15.08746569,43.85166667
206,15.08746948,44.29532222
207,15.08747447,44.33670556
208,15.08746673,40.94072222
209,15.0874668,40.94072222
210,15.08746804,44.20531111
211,15.08746933,44.24573333
212,15.08746456,43.418375
213,15.08746871,44.22732778
214,15.08746578,43.88316944
215,15.08748032,44.04416111
216,15.08746459,43.54579444
217,15.08746872,44.22732778
218,15.08746681,40.94072222
219,15.08747771,42.82633611
220,15.08746805,44.20531111
221,15.08746538,43.81758889
222,15.08746873,44.22732778
223,15.08746539,43.81758889
224,15.08746682,40.94072222
225,15.08746949,44.29532222
226,15.08746471,43.69103056
227,15.08747068,44.35849167
228,15.08747629,44.27902778
229,15.08746579,43.88316944
230,15.08747828,44.18133333
231,15.08747527,44.31529167
232,15.08747829,44.18133333
233,15.08747172,41.00920833
234,15.0874658,43.88316944
235,15.08746581,43.88316944
236,15.0874654,43.81758889
237,15.08746582,43.88316944
238,7.783244444,43.829875
239,15.08747173,41.00920833
240,15.08748033,44.04416111
241,15.08746542,43.81758889
242,15.08746571,43.85166667
243,15.08746472,43.69103056
244,15.08746541,43.81758889
245,15.08746563,43.82358333
246,15.0874657,43.85166667
247,15.08746567,43.82811389
248,15.08747902,44.145475
249,15.08747548,42.95108056
250,15.08747174,41.00920833
251,15.08747175,41.00920833
252,15.08747915,40.21971111
253,15.08747176,41.00920833
254,15.08746481,43.68416944
255,15.08747025,44.32807778
256,15.08747476,44.33996111
257,15.08747327,44.35226667
258,15.08746683,40.94072222
259,15.08746116,40.17243611
260,15.08746453,43.11953333
261,15.0874763,44.27902778
262,15.08747448,44.33670556
263,15.08747542,42.70055
264,15.08747631,44.27902778
265,15.08747026,44.32807778
266,15.08747903,44.145475
267,15.08747632,44.27902778
268,15.08747027,44.32807778
269,15.08747329,44.35226667
270,15.08747508,44.33589444
271,15.08747633,44.27902778
272,15.08747328,44.35226667
273,15.08747528,44.31529167
274,15.0874695,44.29532222
275,15.08747293,44.37541667
276,15.08747529,44.31529167
277,15.08746934,44.24573333
278,14.99605,40.205008
279,15.08746572,43.85166667
280,15.08746874,44.22732778
281,15.08746875,44.22732778
282,15.08747823,42.24705556
283,15.08747069,44.35849167
284,15.08747152,40.95533611
285,15.08746543,43.81758889
286,15.0874733,44.35226667
287,15.08747509,44.33589444
288,15.08747634,44.27902778
289,15.08747904,44.145475
290,15.0874707,44.35849167
291,15.08747198,44.39150556
292,15.08747746,44.23841944
293,15.08747916,40.21971111
294,15.08746806,44.20531111
295,15.0874753,44.31529167
296,15.08747449,44.33670556
297,15.08747177,41.00920833
298,12.65480556,45.50581389
299,15.08746885,44.22498889
300,15.0874783,44.18133333
301,15.08747635,44.27902778
302,15.08747477,44.33996111
303,15.0874752,42.69098056
304,15.08747852,44.16953333
305,12.74798889,38.1979
306,15.08746574,43.86113611
307,15.08746684,40.94072222
308,15.0874745,44.33670556
309,15.08747028,44.32807778
310,15.08747905,44.145475
311,15.087472,44.39150556
312,15.08747199,44.39150556
313,15.08747451,44.33670556
314,15.08748047,44.04884722
315,15.08746692,44.09359444
316,15.08746807,44.20531111
317,15.0874751,44.33589444
318,15.08746685,40.94072222
319,15.08746449,40.41502778
320,15.08746654,44.01213889
321,15.08748048,44.04884722
322,15.08746573,43.85166667
323,15.08747555,43.11194167
324,15.08746564,43.82358333
325,15.08748049,44.04884722
326,15.08747831,44.18133333
327,15.08747029,44.32807778
328,15.08746888,40.1927
329,15.08747103,44.3886
330,15.08747104,44.3886
331,15.0874805,44.04884722
332,15.08747531,44.31529167
333,15.08747906,44.145475
334,15.08747201,44.39150556
335,15.08747202,44.39150556
336,15.08747331,44.35226667
337,15.08747332,44.35226667
338,15.0874694,44.24573333
339,7.859605,43.822231
340,15.08746808,44.20531111
341,15.08747322,44.35878611
342,15.08746907,44.24433611
343,15.17773056,37.61993056
344,15.08747333,44.35226667
345,15.08747991,44.09751667
346,15.0874809,44.07928889
347,15.08746718,43.52766111
348,15.08747495,44.34815833
349,15.08747503,44.34440556
350,15.08747768,44.23674444
351,15.08747826,44.18259444
352,15.08747306,44.37093056
353,15.08747494,44.34809167
354,15.087475,44.34313889
355,15.08747504,44.345475
356,15.08747506,44.34820278
357,15.08747225,43.4016
358,15.0874803,44.01015278
359,15.08747227,44.37655833
360,15.08747432,44.33476667
361,15.08747438,44.33402778
362,15.08747439,44.33450833
363,15.08747194,44.38180556
364,15.08747265,44.38026944
365,15.08746642,44.00485556
366,15.08748081,44.07883611
367,15.08747356,44.34698611
368,15.08747367,44.35263611
369,15.08746594,43.92386389
370,15.08747065,44.35783333
371,15.08746123,43.75683056
372,15.08747475,44.33993889
373,15.08746631,43.91813333
374,15.08747657,44.27150556
375,15.08746652,44.01022778
376,15.08746533,43.81675278
377,15.08746942,44.24749722
378,15.08747791,44.15933611
379,15.08746326,42.35136667
380,15.08747478,44.33996111
381,15.08748034,44.04839444
382,15.0874743,44.33291944
383,15.08746676,44.02391667
384,15.08747853,44.16831111
385,15.08747016,44.32710833
386,15.08746702,43.77656944
387,15.08746504,43.78163333
388,15.08746544,43.81758889
389,15.08746703,44.10700833
390,15.08747024,44.32779167
391,15.08747193,44.37967222
392,15.08747358,44.34878611
393,15.08747363,44.35161389
394,15.0874737,44.35407778
395,15.08747474,44.33955556
396,15.08747662,44.27266667
397,15.08747762,44.23735278
398,15.08747614,44.27064722
399,15.08747666,44.27353889
400,15.08747674,44.27595
401,15.08746488,43.77065833
402,15.08747357,44.34839444
403,15.08747671,44.27516944
404,15.08746461,43.57617778
405,15.08746237,40.18694167
406,15.08747299,44.37104722
407,15.08747321,44.35798056
408,15.08747286,44.37752778
409,7.685342,43.783004
410,15.08746524,43.77625833
411,15.08746653,44.01102222
412,15.08747319,44.35510556
413,15.08746877,44.22745556
414,15.08747442,44.33490278
415,15.08747366,44.35242778
416,15.08746489,43.77243056
417,15.08746756,44.16593889
418,15.08747051,44.34088056
419,15.08747514,44.33567222
420,15.08746496,43.78580278
421,15.0874653,43.77601667
422,15.087468,44.20428889
423,15.08746772,44.16870278
424,15.08746499,43.78732778
425,15.08747015,44.326575
426,15.08747362,44.35131944
427,15.08747284,44.24705278
428,15.08747376,44.35630833
429,15.08747619,44.27746389
430,15.08748079,44.0808
431,15.0874723,44.38578889
432,15.08746532,43.77793889
433,15.08746559,43.813825
434,15.08746944,44.29417222
435,15.08747452,44.33670556
436,15.0874665,44.00969722
437,15.08746678,44.02704722
438,15.08747523,44.31767222
439,15.08747365,44.35228889
440,15.08746773,44.16716667
441,15.08747062,44.35628889
442,15.08747325,44.35501944
443,15.08747064,44.35565278
444,15.08746281,40.417313
445,15.0874687,44.22654167
446,15.08746221,40.12598056
447,15.08746503,43.78650556
448,15.08746769,44.168775
449,15.08746774,44.169175
450,15.08747313,44.35929722
451,15.0874744,44.33483056
452,15.08747668,44.27382778
453,15.08746595,43.92386389
454,15.0874688,44.23055
455,15.08746833,44.226025
456,15.08747371,44.35414722
457,15.08746405,40.41394444
458,15.08746435,40.149675
459,15.08746679,44.23103333
460,15.08747429,44.33399444
461,15.0874749,44.34781944
462,15.08747493,44.34801667
463,15.08746531,43.77657778
464,15.08747511,44.33589444
465,15.08746469,43.68944722
466,15.08746879,44.22841667
467,15.08747316,44.36064167
468,15.08747744,44.23906111
469,15.0874678,44.16968611
470,15.08746473,43.69103056
471,15.08746782,44.16966389
472,15.08746768,44.16867222
473,15.08746777,44.1696
474,15.08746876,44.22732778
475,15.08747314,44.35834167
476,15.08747496,44.34821944
477,15.08747663,44.27271389
478,15.08746232,40.18464444
479,15.08746952,44.29453889
480,15.08747524,44.31718611
481,15.08747897,40.96054444
482,15.0874615,43.36501944
483,15.0874646,43.54944722
484,15.08748078,44.07978889
485,15.08747019,44.32710278
486,15.08747368,44.3531
487,15.08748027,44.04888611
488,15.08746693,44.09359444
489,15.08747599,44.16739167
490,15.08746225,40.17995833
491,15.08746675,44.01429167
492,15.08746764,44.16834722
493,14.747367,40.656628
494,15.08746674,44.01341111
495,15.08746829,44.22470278
496,15.08746506,43.784525
497,15.08746271,40.41401944
498,15.08746498,43.78677778
499,15.08746238,40.18579444
500,15.08747427,44.33397778
501,15.08746882,44.211675
502,15.08746883,44.211675
503,15.08746236,40.18643611
504,15.08747304,44.37093889
505,15.08747071,44.35849167
506,15.08747917,40.21971111
507,15.08747659,44.27186111
508,15.08747441,44.33489444
509,15.08746587,43.91896111
510,15.08747435,44.33072778
511,15.08746967,44.29531944
512,15.08747491,44.34796389
513,15.08746655,44.01213889
514,15.08746239,40.187625
515,15.08746591,43.91934167
516,15.08747276,44.37818611
517,15.08747426,44.331025
518,15.08746126,42.46951667
519,15.08746132,43.52503611
520,15.08747266,44.37302778
521,15.0874683,44.22494167
522,15.08747232,44.38871111
523,15.08747625,44.28124167
524,15.08747755,44.23860556
525,15.08747882,44.16896667
526,15.08747985,44.09900833
527,15.08746779,44.16967778
528,15.08746497,43.78663333
529,15.08747672,44.27524167
530,15.08747759,44.23773056
531,14.876549,40.570861
532,15.08746226,40.18063889
533,15.08748042,44.04980833
534,15.08746404,40.41681389
535,14.954507,40.440607
536,15.08746651,44.01016944
537,15.08748046,44.04836111
538,15.08746525,43.77653889
539,15.08747522,44.31766389
540,15.0874703,44.32807778
541,15.08747042,44.32858611
542,15.08747052,44.34131111
543,15.0874731,44.37104722
544,15.08748044,44.08204444
545,15.0874656,43.81644167
546,15.08747101,44.38813333
547,15.08747502,44.34392778
548,15.08747623,44.28034167
549,15.08746508,43.78516944
550,15.08748091,44.07928889
551,15.08746686,40.94072222
552,15.08747318,44.36049722
553,15.08747986,44.09948056
554,10.52164167,42.92055278
555,15.0874677,44.1689
556,15.08747063,44.35686944
557,15.08747067,44.35818056
558,15.087471,44.388
559,15.08747373,44.35490833
560,15.08747676,44.27806389
561,15.08747758,44.23779444
562,15.08747556,43.11194167
563,15.08747018,44.32764167
564,15.08747023,44.32766389
565,15.08746889,40.1927
566,15.08746125,44.31806111
567,15.08746523,43.77569722
568,15.08746647,44.00899167
569,15.08746648,44.00916667
570,15.08746677,44.02434722
571,15.08746759,44.16638889
572,15.08746762,44.16709167
573,15.08746798,44.20261389
574,15.08746826,44.20706944
575,15.08747014,44.32646944
576,15.08747046,44.34017222
577,15.08747048,44.34064444
578,15.08747061,44.35517222
579,15.08747499,44.33587222
580,15.08747512,44.335775
581,15.0874766,44.27211111
582,15.08747661,44.27221111
583,15.08747664,44.27291944
584,15.08747669,44.27456111
585,15.0874767,44.27496389
586,15.08747673,44.27562222
587,15.0874784,44.18213056
588,15.08747098,44.38773333
589,15.08747813,44.20511389
590,15.08747996,44.09892222
591,15.08746457,43.418375
592,15.08746528,43.77513889
593,15.08747102,44.38832222
594,15.08748115,44.04893056
595,15.08747226,44.37488889
596,15.08748045,43.00410833
597,15.08746229,40.18093611
598,15.08746887,44.26898611
599,15.08746699,44.10046111
600,15.08746112,40.140225
601,15.08747984,44.09855556
602,15.08746966,44.29518056
603,15.08747066,44.35733056
604,15.08747285,44.37705556
605,15.08747678,44.278925
606,15.08748062,44.04854444
607,15.08747636,44.27902778
608,15.08746478,43.70562222
609,15.08747116,44.38876389
610,15.08747147,40.95003889
611,15.08747993,44.09814722
612,15.08748114,44.04880278
613,15.08747995,44.09872222
614,15.08748074,44.082475
615,15.08746757,44.16601389
616,15.08746758,44.16616667
617,15.08746831,44.22496111
618,15.08746832,44.22552222
619,15.08746878,44.22820833
620,15.08747044,44.33922778
621,15.08747099,44.38797222
622,15.08747105,44.3886
623,15.08747156,40.94268611
624,15.08747267,44.378775
625,15.08747615,44.27148056
626,15.08747616,44.27168056
627,15.08747617,44.27173056
628,15.08747618,44.271925
629,15.08747622,44.28029167
630,15.08747675,44.27635278
631,15.08747677,44.27824722
632,15.0874782,40.94585278
633,15.08748116,44.04914722
634,15.08746505,43.78379444
635,15.08747747,44.23841944
636,15.08746115,40.14658333
637,15.08747305,44.36609722
638,15.08747983,44.0978
639,15.08746512,43.77673889
640,15.08746729,44.14845833
641,15.08746763,44.16831944
642,15.08747317,44.35685278
643,15.08746586,43.91803889
644,15.08747228,44.37793611
645,15.08747757,44.23901667
646,15.08747045,44.33936944
647,15.08747428,44.33401667
648,15.08747656,44.271075
649,15.08747764,44.23758611
650,15.08747203,44.39150556
651,15.08747444,44.33515
652,15.08746233,40.18583889
653,15.0874624,40.18835
654,15.08747521,44.31700556
655,15.08746511,43.77767222
656,15.08747981,42.81313056
657,15.08746522,43.77465833
658,15.08747151,40.94028889
659,15.08747654,44.27051111
660,15.08747532,44.31529167
661,15.08746437,40.14828056
662,15.08747431,44.33551667
663,15.08747013,44.32566944
664,15.08747047,44.34033333
665,15.08747157,40.94331111
666,15.08747303,44.37093889
667,15.08747312,44.35921111
668,15.08747443,44.33491111
669,15.08746799,44.203575
670,15.08747274,44.37823611
671,15.08746406,40.41183611
672,15.08747041,44.32846667
673,15.08747624,44.28101389
674,15.08746906,44.24488333
675,15.08747375,44.35539722
676,15.08747885,42.91990278
677,15.08746585,43.882725
678,15.08747277,44.37764444
679,15.08747302,44.37116944
680,15.08747708,44.25616944
681,15.08747765,44.23745556
682,15.08747792,44.21496389
683,15.08747667,44.27359444
684,15.08746562,43.81665278
685,15.0874732,44.35667778
686,15.08747233,44.38921944
687,15.08746443,40.17664722
688,15.08747812,43.16001944
689,15.0874739,42.92055278
690,15.08746231,40.18413333
691,15.08746529,43.77561944
692,15.08746694,44.09530278
693,15.08746775,44.169475
694,15.08747315,44.35995833
695,15.08747433,44.32821111
696,15.08748037,44.04931667
697,15.08747525,44.317175
698,15.08746941,44.24573333
699,15.08748065,44.09004444
700,15.08746235,40.18502778
701,15.0874651,43.77833889
702,15.08746519,43.77657778
703,15.08746649,44.00925556
704,15.08746755,44.16563889
705,15.08746956,44.29488056
706,15.08747294,44.37541667
707,15.08747374,44.35533889
708,15.08747613,44.27043889
709,15.08747665,44.27295833
710,15.08747888,44.16771111
711,15.08747992,44.09798056
712,15.08748041,44.04767778
713,15.08746886,44.2373
714,15.08747323,44.35854722
715,15.0874614,43.51256111
716,15.08748025,42.74396944
717,15.08748067,44.10096944
718,15.08746224,40.17901944
719,15.08746227,40.18123611
720,15.08746792,44.18068333
721,15.08747053,44.34372222
722,15.08747487,44.34108333
723,15.08747832,44.18221944
724,15.08747488,44.34712222
725,15.0874771,44.25648056
726,15.08746741,44.01318889
727,15.08746771,44.16899444
728,15.08746765,44.16841944
729,15.08746943,44.24922778
730,15.08747229,44.38425
731,15.0874736,44.34969444
732,15.08747434,44.32985556
733,15.08747707,44.25681944
734,15.08746597,43.94885278
735,15.08746447,42.32438889
736,15.08746113,42.76278611
737,15.08746778,44.16856667
738,15.08746219,40.12276111
739,15.08747231,44.385925
740,15.08747234,44.389275
741,15.08747369,44.35360278
742,15.08747505,44.34587222
743,15.08747856,44.16929444
744,15.08747155,40.94166389
745,15.08747793,44.21515556
746,15.08747621,44.28009444
747,15.08746865,44.22584444
748,15.08747359,44.34935
749,15.08747887,44.16721944
750,15.0874679,44.18075556
751,15.0874807,44.02482222
752,15.08746146,43.47706111
753,15.08747301,44.37141944
754,15.08746438,40.14535
755,15.08746957,44.29488056
756,15.0874623,40.18319722
757,15.08746275,40.42515
758,15.087464,40.46975
759,15.08746501,43.78574722
760,15.0874652,43.77665833
761,15.08746521,43.77665833
762,15.08746575,43.88203889
763,15.0874762,44.27928333
764,15.08746273,40.41680556
765,15.08748036,44.04894167
766,15.08746434,40.148125
767,15.0874645,40.41502778
768,15.08746776,44.1695
769,15.08747507,44.33583611
770,15.08747658,44.27185278
771,15.08748035,44.04850278
772,15.08746196,42.92001667
773,15.087473,44.37137778
774,15.08747501,44.34385278
775,15.08746234,42.91888333
776,15.0874673,44.14861389
777,15.08748039,44.04978889
778,15.08746809,44.20531111
779,15.0874622,40.12251944
780,15.08746222,40.12567778
781,15.08747372,44.35457778
782,15.08746791,44.18075556
783,15.08747857,44.16953333
784,15.08746276,40.42353611
785,15.08748117,40.124225
786,15.08747017,44.32737222
787,15.08746939,43.09902222
788,15.08746439,40.14853333
789,15.08746228,40.18213056
790,15.08747361,44.35065278
791,15.08747851,44.17033056
792,15.08747994,44.09829167
793,15.08747492,44.34799444
794,15.08747655,44.27103333
795,15.08747106,44.38864444
796,15.08747191,41.03679444
797,15.08747817,41.00584444
798,15.08746561,43.81591944
799,15.08747907,44.145475
800,15.08746139,42.09133889
801,15.08747756,44.23893056
802,15.08746314,41.00521389
803,15.0874804,44.04936111
804,15.08748051,44.04884722
805,15.08746868,44.20774444
806,14.787282,40.633036
807,15.08746592,43.91934167
808,15.08748052,44.04884722
809,15.08746656,44.01213889
810,15.08746657,44.01213889
811,15.08746545,43.81758889
812,15.08746935,40.19979167
813,15.08747072,44.35849167
814,15.08747073,44.35849167
815,15.08747074,44.35849167
816,15.08747204,44.39150556
817,15.08747908,44.145475
818,15.0874681,44.20531111
819,15.08746546,43.81758889
820,15.08746811,44.20531111
821,15.08746812,44.20531111
822,15.08746869,44.21704444
823,15.08746834,44.226025
824,15.08747137,42.04932222
825,15.08746547,43.81758889
826,15.08746486,43.75726667
827,15.08746835,44.226025
828,15.08747748,44.23841944
829,15.08746658,44.01213889
830,15.087476,44.16739167
831,15.08747479,44.33996111
832,12.30151667,44.43438056
833,15.08747604,44.16739167
834,15.08746813,44.20531111
835,15.08746482,43.68416944
836,15.08746483,43.68416944
837,15.08746687,40.94072222
838,15.08746688,40.94072222
839,15.08746731,44.14996389
840,15.08746659,44.01213889
841,15.08746689,40.94072222
842,15.08747605,44.16739167
843,15.08747075,44.35849167
844,15.0874666,44.01213889
845,15.08747205,44.39150556
846,15.0874748,44.33996111
847,15.08746814,44.20531111
848,15.08747206,44.39150556
849,15.08746662,44.01213889
850,15.08746661,44.01213889
851,15.08746836,44.226025
852,15.08747637,44.27902778
853,15.08747207,44.39150556
854,15.08746474,43.69103056
855,15.08747638,44.27902778
856,15.08746908,44.24433611
857,15.08746837,44.226025
858,15.08747076,44.35849167
859,15.08746909,44.24433611
860,15.08747551,42.96292778
861,15.08747737,42.75549444
862,14.62080833,36.74916111
863,15.08747606,44.16739167
864,15.08746476,43.68639444
865,15.08746479,43.67999722
866,15.08746838,44.226025
867,12.94337778,43.90626389
868,15.08747453,44.33670556
869,15.08747208,44.39150556
870,15.08746664,44.01213889
871,15.08746663,44.01213889
872,15.0874689,40.1927
873,15.08747639,44.27902778
874,15.08746665,44.01213889
875,15.08747107,44.38864444
876,15.08747607,44.16739167
877,15.08747077,44.35849167
878,15.08746666,44.01213889
879,15.08747209,44.39150556
880,15.08747854,44.16831111
881,15.08747515,44.33567222
882,15.08746388,40.13972222
883,15.08746548,43.81758889
884,16.12496389,41.39355
885,15.08747516,44.33567222
886,15.0874691,44.24433611
887,15.08746891,40.1927
888,15.08746839,44.226025
889,15.08746667,44.01213889
890,15.08746668,44.01213889
891,15.08746669,44.01213889
892,15.08747031,44.32807778
893,15.08747078,44.35849167
894,15.08747738,42.75549444
895,15.08747608,44.16739167
896,15.0874667,44.01213889
897,8.16529,43.978351
898,15.08747918,40.21971111
899,15.08747079,44.35849167
900,15.08747609,44.16739167
901,15.0874708,44.35849167
902,15.0874721,44.39150556
903,15.08747081,44.35849167
904,15.08747268,44.378775
905,15.08746892,40.1927
906,15.08747211,44.39150556
907,15.0874761,44.16739167
908,15.08747705,44.25185
909,15.08746893,40.1927
910,15.08747334,44.35226667
911,15.08746114,40.17235
912,15.08747269,44.378775
913,15.08747454,44.33670556
914,15.08747212,44.39150556
915,15.08747455,44.33670556
916,15.08746454,43.23752222
917,15.08746911,44.24433611
918,15.08747139,42.55843611
919,15.08747158,42.61104444
920,15.08747456,44.33670556
921,15.08746894,40.1927
922,15.08746117,40.17243611
923,15.08747213,44.39150556
924,15.08747858,44.16831111
925,15.08747611,44.16739167
926,15.08747855,44.16831111
927,15.08746448,42.32438889
928,15.0874684,44.226025
929,15.08747533,44.31529167
930,15.08747214,44.39150556
931,15.08746841,44.226025
932,15.08747841,44.18213056
933,15.08747335,44.35226667
934,15.08747215,44.39150556
935,15.08746793,44.18068333
936,15.0874727,44.378775
937,15.08747295,44.37541667
938,15.08747457,44.33670556
939,15.08747749,44.23841944
940,15.0874775,44.23841944
941,15.08747919,40.21971111
942,15.08746895,40.1927
943,15.08747216,44.39150556
944,15.08747307,44.37093889
945,15.08747612,44.16739167
946,15.08747217,44.39150556
947,18.43109167,40.272525
948,15.08746815,44.20531111
949,15.08746816,44.20531111
950,15.08746912,44.24433611
951,15.08747218,44.39150556
952,15.08747219,44.39150556
953,15.08747271,44.378775
954,15.08747336,44.35226667
955,15.08747641,44.27902778
956,15.08747859,44.16831111
957,15.08747337,44.35226667
958,15.08746913,44.24433611
959,15.08746914,44.24433611
960,15.08747296,44.37541667
961,15.0874764,44.27902778
962,15.08747642,44.27902778
963,15.08746695,44.09359444
964,15.08747082,44.35849167
965,15.08747108,44.38864444
966,15.08747272,44.378775
967,15.0874722,44.39150556
968,15.08747273,44.378775
969,15.08747338,44.35226667
970,15.08747221,44.39150556
971,15.08746403,40.42916111
972,15.08747083,44.35849167
973,15.08747084,44.35849167
974,15.08747549,42.95108056
975,15.08747339,44.35226667
976,15.08746696,44.09359444
977,15.08746697,44.09359444
978,15.08746549,43.81758889
979,15.08747032,44.32807778
980,15.08747109,44.38864444
981,12.46609167,37.707225
982,15.08747769,42.80140556
983,15.08747222,44.39150556
984,15.08747223,44.39150556
985,15.0874786,44.16831111
986,15.08747751,44.23841944
987,15.08746732,44.14996389
988,15.08746385,40.16396389
989,15.08746698,44.09359444
990,15.08747033,44.32807778
991,15.08746733,44.14996389
992,15.08746734,44.14996389
993,15.08746737,44.15322778
994,15.08746817,44.20531111
995,15.08746818,44.20531111
996,15.08746842,44.226025
997,15.08747235,44.39150556
998,15.08747909,44.145475
999,15.08746819,44.20531111
1000,15.08746551,43.81758889
1001,15.0874774,42.89752778
1002,15.0874655,43.81758889
1003,15.08746565,43.82358333
1004,15.08746738,44.15322778
1005,15.08746851,44.226025
1006,15.08747534,44.31529167
1007,15.0874791,44.145475
1008,15.08746583,43.88316944
1009,15.08747535,44.31529167
1010,15.08746552,43.81758889
1011,15.0874682,44.20531111
1012,15.08746852,44.226025
1013,15.08747842,44.18213056
1014,15.08747861,44.16831111
1015,15.08747458,44.33670556
1016,15.0874702,44.32764167
1017,15.08746821,44.20531111
1018,15.08746822,44.20531111
1019,15.08747341,44.35226667
1020,15.0874746,44.33670556
1021,15.08746436,40.14773611
1022,15.08747144,42.57367222
1023,15.0874734,44.35226667
1024,15.08747459,44.33670556
1025,15.08747461,44.33670556
1026,15.08746853,44.226025
1027,15.08747034,44.32807778
1028,15.08747324,44.35854722
1029,15.08747481,44.33996111
1030,15.0874755,42.79962222
1031,15.08747706,44.25185
1032,15.08747236,44.39150556
1033,15.08746553,43.81758889
1034,15.08747862,44.16831111
1035,15.08747237,44.39150556
1036,15.0874613,43.75955
1037,15.08746487,43.75726667
1038,15.0874711,44.38864444
1039,15.08747643,44.27902778
1040,15.08747843,44.18213056
1041,15.08746896,40.1927
1042,15.08747275,44.378775
1043,15.08748053,44.04884722
1044,15.08747153,40.95533611
1045,15.08747482,44.33996111
1046,15.08746854,44.226025
1047,15.08746485,43.73759722
1048,15.08746855,44.226025
1049,15.08747462,44.33670556
1050,15.08747644,44.27902778
1051,15.08747645,44.27902778
1052,15.08747863,44.16831111
1053,15.08746823,44.20531111
1054,15.08746856,44.226025
1055,15.08747238,44.39150556
1056,15.08747342,44.35226667
1057,15.08747463,44.33670556
1058,15.08746514,43.77760556
1059,15.08747035,44.32807778
1060,15.08747911,44.145475
1061,15.08747752,44.23841944
1062,15.08747864,44.16831111
1063,15.08747865,44.16831111
1064,15.08746584,43.88316944
1065,15.08746897,40.1927
1066,15.08747239,44.39150556
1067,15.08747464,44.33670556
1068,15.08747646,44.27902778
1069,15.08747866,44.16831111
1070,15.0874724,44.39150556
1071,15.0874777,42.80140556
1072,15.08747154,40.95533611
1073,15.08747343,44.35226667
1074,15.08746515,43.77760556
1075,15.08747647,44.27902778
1076,15.08747743,42.84894722
1077,15.08748054,44.04884722
1078,15.08747648,44.27902778
1079,15.08747085,44.35849167
1080,15.08746824,44.20531111
1081,15.08746898,40.1927
1082,15.08746899,40.1927
1083,15.08748055,44.04884722
1084,15.08747086,44.35849167
1085,15.08747036,44.32807778
1086,15.08746554,43.81758889
1087,15.08747517,44.33567222
1088,15.08746462,43.57617778
1089,15.08746825,44.20531111
1090,15.08747867,44.16831111
1091,15.08747869,44.16831111
1092,15.08747753,44.23841944
1093,15.08747868,44.16831111
1094,12.52532222,39.92058333
1095,15.08747087,44.35849167
1096,15.08747088,44.35849167
1097,15.08747649,44.27902778
1098,15.08747754,44.23841944
1099,15.08747344,44.35226667
1100,15.08747345,44.35226667
1101,16.81814722,40.32611111
1102,15.08747536,44.31529167
1103,15.08746516,43.77760556
1104,15.0874765,44.27902778
1105,15.08747552,42.96292778
1106,15.08746568,43.82811389
1107,15.08747346,44.35226667
1108,15.08746915,44.24433611
1109,15.08747241,44.39150556
1110,15.08747483,44.33996111
1111,15.08746463,43.57617778
1112,18.49343333,40.14646667
1113,15.08747347,44.35226667
1114,15.08747547,42.85010556
1115,15.0874787,44.16831111
1116,15.08748056,44.04884722
1117,15.08746201,43.38406944
1118,15.08747844,44.18213056
1119,15.08747871,44.16831111
1120,15.08747242,44.39150556
1121,15.08747651,44.27902778
1122,15.08747348,44.35226667
1123,15.08747537,44.31529167
1124,15.08747652,44.27902778
1125,15.08747243,44.39150556
1126,15.08747244,44.39150556
1127,12.73777778,43.97307778
1128,15.08747245,44.39150556
1129,15.08747845,44.18213056
1130,15.08747021,44.32764167
1131,15.08747089,44.35849167
1132,15.0874709,44.35849167
1133,15.08747111,44.38864444
1134,15.08748057,44.04884722
1135,15.08746916,44.24433611
1136,15.08747653,44.27902778
1137,15.08747037,44.32807778
1138,15.08747091,44.35849167
1139,15.08747246,44.39150556
1140,15.08747679,44.27902778
1141,15.08746858,44.226025
1142,15.08747038,44.32807778
1143,15.08747112,44.38864444
1144,15.08747113,44.38864444
1145,15.08748058,44.04884722
1146,15.08746857,44.226025
1147,10.43700556,42.82361667
1148,12.58693056,44.06927222
1149,15.0874768,44.27902778
1150,15.087469,40.1927
1151,15.08747247,44.39150556
1152,15.08747681,44.27902778
1153,15.08748059,44.04884722
1154,15.08747682,44.27902778
1155,15.08748066,44.09772222
1156,15.08746917,44.24433611
1157,15.08746918,44.24433611
1158,15.08747092,44.35849167
1159,15.08746859,44.226025
1160,13.54882222,38.07884167
1161,15.0874692,44.24433611
1162,15.08747465,44.33670556
1163,15.08746919,44.24433611
1164,15.08747683,44.27902778
1165,15.08746901,40.1927
1166,15.08747685,44.27902778
1167,15.08746555,43.81758889
1168,13.58659722,45.21450278
1169,15.08746517,43.77760556
1170,15.08746556,43.81758889
1171,15.08746921,44.24433611
1172,15.08747249,44.39150556
1173,15.08747684,44.27902778
1174,15.08747687,44.27902778
1175,15.08746902,40.1927
1176,15.08747248,44.39150556
1177,15.08747466,44.33670556
1178,15.08747686,44.27902778
1179,13.62454444,43.50728889
1180,10.17041667,42.80841944
1181,15.08747875,44.16831111
1182,9.181658333,38.99596944
1183,15.08747467,44.33670556
1184,15.08746518,43.77760556
1185,15.08747872,44.16831111
1186,15.08747114,44.38864444
1187,15.08747468,44.33670556
1188,15.08747469,44.33670556
1189,15.08747484,44.33996111
1190,15.08747538,44.31529167
1191,15.08747688,44.27902778
1192,15.08747873,44.16831111
1193,15.08747518,44.33567222
1194,15.08747874,44.16831111
1195,13.45676111,37.29358611
1196,15.08746557,43.81758889
1197,15.0874714,42.55843611
1198,15.08747178,41.00920833
1199,15.08747846,44.18213056
1200,15.08747145,42.57367222
1201,15.08747146,42.57367222
1202,15.08747179,41.00920833
1203,15.08747181,41.00920833
1204,15.08747349,44.35226667
1205,15.0874747,44.33670556
1206,15.0874718,41.00920833
1207,15.08747689,44.27902778
1208,13.535025,43.61830833
1209,15.0874735,44.35226667
1210,15.08746903,40.1927
1211,15.08747182,41.00920833
1212,15.08746742,44.15322778
1213,15.08746477,43.69103056
1214,15.08746484,43.68416944
1215,15.0874686,44.226025
1216,15.08746922,44.24433611
1217,15.08747876,44.16831111
1218,15.08747539,44.31529167
1219,15.08747351,44.35226667
1220,15.08746509,43.780325
1221,15.08747471,44.33670556
1222,15.0874806,44.04884722
1223,15.0874725,44.39150556
1224,15.08747251,44.39150556
1225,15.08746432,40.20851667
1226,15.08747308,44.37093889
1227,15.08747352,44.35226667
1228,15.0874669,40.94072222
1229,15.08747171,42.61055
1230,15.0874769,44.27902778
1231,15.08746923,44.24433611
1232,15.08747691,44.27902778
1233,15.08747253,44.39150556
1234,15.08747353,44.35226667
1235,15.08746924,44.24433611
1236,15.08747252,44.39150556
1237,15.08747254,44.39150556
1238,15.08747255,44.39150556
1239,15.08746558,43.81758889
1240,15.08746451,42.32438889
1241,15.08747256,44.39150556
1242,15.0874754,44.31529167
1243,15.08747093,44.35849167
1244,15.08746925,44.24433611
1245,15.08747692,44.27902778
1246,15.08747877,44.16831111
1247,15.08747912,44.145475
1248,15.08747913,44.145475
1249,15.08747485,44.33996111
1250,15.08747847,44.18213056
1251,15.08746861,44.226025
1252,15.08747138,42.04932222
1253,15.08747878,44.16831111
1254,15.08747879,44.16831111
1255,16.89108056,41.123175
1256,15.08747257,44.39150556
1257,15.08746381,40.18713611
1258,15.08747258,44.39150556
1259,15.08746926,44.24433611
1260,15.08747364,44.35226667
1261,15.08747259,44.39150556
1262,15.08746866,44.21390556
1263,15.08748061,44.04884722
1264,15.0874788,44.16831111
1265,15.0874726,44.39150556
1266,15.08746862,44.226025
1267,15.08746863,44.226025
1268,15.08747022,44.32764167
1269,15.08747261,44.39150556
1270,15.08747297,44.37541667
1271,15.08747881,44.16831111
1272,15.08746691,40.94072222
1273,15.08747183,41.00920833
1274,15.08747159,42.61104444
1275,15.08747184,41.00920833
1276,15.08747185,41.00920833
1277,15.08747186,41.00920833
1278,15.08746927,44.24433611
1279,15.08747187,41.00920833
1280,15.08747188,41.00920833
1281,15.08747472,44.33670556
1282,15.08746864,44.226025
1283,15.08746928,44.24433611
1284,15.0874639,40.13188056
1285,15.08746464,43.57617778
1286,15.08746465,43.57617778
1287,15.08746466,43.57617778
1288,15.08747262,44.39150556
1289,15.08746468,43.57617778
1290,15.08747473,44.33670556
1291,15.08747693,44.27902778
1292,15.08747189,41.00920833
1293,15.08746929,44.24433611
1294,15.0874693,44.24433611
1295,15.08746931,44.24433611
1296,15.08747039,44.32807778
1297,15.08747298,44.37541667
1298,15.08747486,44.33996111
1299,15.08747519,44.33567222
1300,15.08747309,44.37093889
1301,15.08747094,44.35849167
1302,15.08747115,44.38864444
1303,15.0874704,44.32807778
1304,13.38061111,38.11196111
1305,15.08747195,44.38595556
1306,15.08746386,40.14793611
1307,15.1224666667,37.5027
1308,12.4790333333,41.5766333333
1309,10.16065,42.8123333333
1310,17.2209333333,40.9966166667
1311,13.2503833333,38.1996833333
1312,16.18105,41.87885
1313,14.2963333333,40.7596666667
1314,16.8818166667,41.12495
1315,15.2452666667,38.2208
1316,17.2923333333,40.5007
1317,13.3894,38.11755
1318,12.6529333333,45.5047333333
1319,13.7893333333,38.1551333333
1320,16.6435666667,39.6225166667
1321,14.3039833333,42.4172666667
1322,15.1615333333,37.5377166667
1323,12.3381,45.1297666667
1324,13.7577666667,45.6523166667
1325,9.895955556,44.06748333
1326,10.08254167,44.01303889
1327,12.9965166667,38.5
1328,13.7689833333,45.6054
1329,8.4388166667,39.5381666667
1330,8.2441833333,40.9344166667
1331,10.18565,43.9327833333
1332,14.9411833333,40.28055
1333,14.8984,38.49345
1334,17.9939,40.13185
1335,8.44855,44.2455166667
1336,12.9609166667,40.8956166667
1337,13.17625,38.17375
1338,15.6275666667,38.2132666667
1339,12.4566833333,45.3918333333
1340,9.2175833333,44.33305
1341,15.4282333333,38.2433666667
1342,9.6243,40.9920333333
1343,13.9370166667,37.953
1344,14.2304833333,36.1983333333
1345,8.9400166667,44.38525
1346,12.2645333333,41.7244333333
1347,16.1494833333,38.9640833333
1348,13.38035,45.6765333333
1349,8.3095,40.5475333333
1350,12.9914666667,41.2923666667
1351,15.23025,37.1903333333
1352,16.5654333333,38.7492166667
1353,8.3405666667,44.16425
1354,11.5528666667,42.3286
1355,15.63475,38.1161833333
1356,8.4249333333,44.2286666667
1357,9.6052833333,44.1649666667
1358,8.2843666667,44.1459166667
1359,9.3890666667,44.2738333333
1360,8.1640833333,43.9806666667
1361,14.2546333333,40.8302333333
1362,15.8342333333,38.3652666667
1363,8.8652333333,40.9906833333
1364,13.5242,43.6271666667
1365,10.5109166667,43.2575833333
1366,12.2201666667,41.766
1367,9.3475833333,44.30025
1368,14.4013333333,35.9514833333
1369,12.64755,41.4520666667
1370,15.9284666667,38.54965
1371,8.8315,43.9068166667
1372,15.1368666667,36.6802166667
1373,12.31655,44.4203
1374,13.4575166667,37.2932666667
1375,15.881,38.4314
1376,8.3937,39.4004166667
1377,10.2698166667,43.6731833333
1378,15.8846166667,41.9355166667
1379,16.2110333333,38.9236333333
1380,9.68275,44.1334666667
1381,9.4439166667,41.1055
1382,9.5056333333,40.9201666667
1383,7.77755,43.8110166667
1384,8.4684166667,44.2899333333
1385,15.1772333333,37.27245
1386,14.9935833333,40.3559833333
1387,8.24225,44.1068666667
1388,17.1355666667,38.92745
1389,15.7036833333,39.9887666667
1390,7.894,43.8352333333
1391,17.2272333333,40.4551166667
1392,14.86975,40.5844
1393,17.4177333333,40.8711166667
1394,17.2157,40.4262666667
1395,14.41185,36.89715
1396,13.7207,45.5512333333
1397,10.4885833333,43.2992
1398,9.3146833333,44.3059
1399,11.1989833333,42.3745166667
1400,11.2226,42.4041333333
1401,17.99151667,40.05246944
1402,14.3409166667,40.7997
1403,12.4237,37.7887666667
1404,21.9972166667,36.9893666667
1405,15.96205,41.4595
1406,13.8196666667,38.1610833333
1407,10.5275666667,42.9185833333
1408,11.792927,42.084636
1409,13.263,43.8502166667
1410,12.9206333333,43.9172166667
1411,17.7163,40.75555
1412,8.1158,43.9228833333
1413,10.4321666667,43.3773
1414,14.6036333333,40.6309666667
1415,10.36385,42.7420166667
1416,12.4131666667,44.2021
1417,12.66645,44.7583333
1418,8.462,39.7138333333
1419,14.8281833333,40.6299333333
1420,12.5842833333,44.796
1421,13.9155166667,40.69895
1422,12.3657333333,44.2643666667
1423,12.3056166667,45.2188166667
1424,12.611,35.523
1425,14.95680279,38.43473612
1426,14.9568028,38.43473613
1427,14.95680281,38.43473614
1428,14.8985,38.49346
1429,14.8986,38.49347
1430,14.8987,38.49348
1431,14.95680282,38.43473615
1432,14.95680283,38.43473616
1433,14.95680284,38.43473617
1434,14.95680285,38.43473618
1435,14.95680286,38.43473619
1436,14.95680287,38.4347362
1437,14.95680288,38.43473621
1438,14.95680289,38.43473622
1439,14.9568029,38.43473623
1440,13.5625666667,41.1990833333
1441,14.8988,38.49349
1442,14.8989,38.4935
1443,14.899,38.49351
1444,14.8991,38.49352
1445,14.8992,38.49353
1446,14.8993,38.49354
1447,15.5688833333,38.2056666667
1448,12.7384333333,43.96945
1449,12.3237333333,37.9326166667
1450,13.8162333333,43.1595833333
1451,10.2888666667,43.5312166667
1452,15.11383334,38.66087779
1453,15.11383335,38.6608778
1454,15.11383336,38.66087781
1455,15.11383337,38.66087782
1456,15.11383338,38.66087783
1457,15.11383339,38.66087784
1458,8.184279,44.01213893
1459,16.8598166667,40.3707
1460,16.9239833333,40.4442666667
1461,8.322,43.8826833333
1462,9.61935,39.4058666667
1463,10.4317333333,42.8091333333
1464,8.51033889,44.3343639
1465,9.6858833333,39.8358
1466,16.2992,41.3228333333
1467,15.3830666667,39.99755
1468,16.7215166667,40.1869666667
1469,10.9252166667,42.3455666667
1470,16.1557166667,41.3771666667
1471,14.95680291,38.43473624
1472,14.95680292,38.43473625
1473,14.2166666667,40.5623333333
1474,13.8757333333,42.9868166667
1475,14.3316,40.6093833333
1476,14.95680293,38.43473626
1477,14.95680294,38.43473627
1478,14.95680295,38.43473628
1479,14.95680296,38.43473629
1480,15.3828833333,41.9069166667
1481,14.8994,38.49355
1482,14.8995,38.49356
1483,13.62615,43.5116333333
1484,12.5613833333,45.4596
1485,9.7215333333,40.3636833333
1486,14.8746666667,38.56136
1487,14.8746666667,38.56137
1488,14.8746666667,38.56138
1489,14.8746666667,38.56139
1490,15.71915,38.2567833333
1491,14.1343666667,42.5463666667
1492,14.8996,38.49357
1493,14.8997,38.49358
1494,14.8998,38.49359
1495,14.8999,38.4936
1496,8.2640333333,44.1243166667
1497,15.92665,41.6300666667
1498,17.9033333333,41.644
1499,14.2243833333,42.4711666667
1500,16.1585666667,38.7375666667
1501,15.3056666667,40.1732166667
1502,8.1090166667,43.91305
1503,12.7373666667,38.1776
1504,9.6676666667,39.9383666667
1505,9.2611166667,44.3288666667
1506,7.2698333333,43.6865833333
1507,15.84475,38.6104333333
1508,16.31895,41.3396666667
1509,10.2067666667,43.9081333333
1510,10.8659166667,42.7544333333
1511,14.95680297,38.4347363
1512,14.95680298,38.43473631
1513,14.9,38.49361
1514,14.9001,38.49362
1515,14.9002,38.49363
1516,14.9003,38.49364
1517,12.92595,38.2901666667
1518,13.5596833333,45.7522833333
1519,14.9004,38.49365
1520,14.95680299,38.43473632
1521,14.956803,38.43473633
1522,9.6728166667,39.7937
1523,10.23725,42.7468333333
1524,13.5908,45.2317166667
1525,14.95680301,38.43473634
1526,15.79875,38.2852333333
1527,14.9005,38.49366
1528,14.9006,38.49367
1529,14.95680302,38.43473635
1530,14.9007,38.49368
1531,14.9008,38.49369
1532,14.9009,38.4937
1533,14.95680303,38.43473636
1534,14.901,38.49371
1535,14.95680304,38.43473637
1536,14.9011,38.49372
1537,14.8746666667,38.5614
1538,12.4675333333,44.1516166667
1539,8.92445,38.9255166667
1540,9.6893833333,39.9656833333
1541,12.3072333333,41.6940833333
1542,14.89285278,40.55971111
1543,7.6708333333,43.77585
1544,14.9875,40.41165
1545,14.8377333333,38.5819333333
1546,13.9217,42.8880166667
1547,18.4101,40.30055
1548,9.3926,41.18635
1549,15.28955,37.8460333333
1550,8.5754666667,44.3568333333
1551,9.3508333333,39.1537
1552,8.5470333333,44.3410666667
1553,15.30775,37.8774333333
1554,8.4186,44.2030833333
1555,9.837008333,44.05236389
1556,15.8261166667,37.9114833333
1557,8.510338892,44.33436392
1558,17.06816111,40.50976111
1559,9.2376666667,44.3398333333
1560,7.7743166667,43.8088333333
1561,16.1028666667,38.7162833333
1562,18.4373833333,40.27415
1563,10.23395,43.8664166667
1564,15.23435,37.7758
1565,14.6418666667,40.6464666667
1566,12.47,37.7099333333
1567,13.8856333333,42.9617333333
1568,14.6440666667,36.7405
1569,16.74515,38.8699833333
1570,9.7647833333,40.5897833333
1571,17.1367,39.3614666667
1572,13.6963,43.3704666667
1573,9.6457166667,40.28345
1574,18.4554333333,40.3296666667
1575,9.6938333333,41.1309666667
1576,8.7340166667,41.9058833333
1577,8.64125,44.3847333333
1578,8.9058833333,42.6291666667
1579,13.8883833333,43.76
1580,15.2716333333,37.83225
1581,9.391394443,41.2144361
1582,9.66265,40.863
1583,12.69665,43.98425
1584,15.1611666667,43.9438833333
1585,15.785,41.9965666667
1586,13.9406,42.8252833333
1587,9.5830166667,44.1813
1588,13.73775,43.30685
1589,13.9770333333,42.7495833333
1590,9.391394441,41.21443608
1591,9.3893666668,41.2032833334
1592,17.6152833333,40.78825
1593,9.2088,44.29985
1594,14.2473333333,42.68275
1595,9.1885666667,41.2460166667
1596,8.3914166667,40.8560666667
1597,9.62635,39.4191833333
1598,9.5339,39.1257
1599,15.8489,39.61725
1600,8.8121666667,40.9383333333
1601,8.8456333333,40.9749
1602,13.4067166667,43.6296
1603,12.4403833333,44.1767166667
1604,15.9205,38.6888666667
1605,13.6715333333,43.429
1606,13.8013,43.1800166667
1607,13.2304166667,43.7360333333
1608,8.184277,44.01213891
1609,12.7480166667,37.5719666667
1610,9.3231666667,41.4632
1611,10.4322666667,42.81585
1612,8.510338893,44.33436393
1613,14.8938833333,38.1766833333
1614,14.7797666667,42.7418333333
1615,9.7415833333,40.6967833333
1616,18.3977333333,39.8196333333
1617,9.21985,39.22415
1618,9.6543666667,44.1428333333
1619,15.3274833333,37.5275
1620,13.9450833333,42.8091833333
1621,13.2283166667,38.18105
1622,14.8241833333,38.54625
1623,10.3185,42.8083
1624,17.9666166667,40.14735
1625,14.36253611,38.02478056
1626,8.3657333333,39.1137
1627,9.391394442,41.21443609
1628,9.837008333,44.10295833
1629,14.8746666667,38.56141
1630,14.3533166667,35.9689
1631,9.18955,39.2174
1632,15.2136,37.7321833333
1633,14.6961333333,36.6973
1634,12.6221833333,41.4365
1635,8.456,40.1837
1636,8.4297166667,39.3064333333
1637,10.3938166667,42.7621666667
1638,13.6277,43.5179
1639,7.8594833333,43.82785
1640,17.9552666667,40.6457
1641,12.8933166667,45.5987166667
1642,14.158,38.3631666667
1643,15.4697666667,38.4621666667
1644,16.4093333333,38.3198833333
1645,11.85545,42.244
1646,15.1183,37.4935333333
1647,12.7826833333,43.9675833333
1648,9.39265,39.1549166667
1649,12.2477666667,44.6880833333
1650,15.98505,39.4548333333
1651,18.7108333333,40.5426333333
1652,14.5465833333,36.763
1653,14.17045,42.51335
1654,13.7670166667,43.2555
1655,16.06703057,39.13228334
1656,16.9681,38.926
1657,12.58785,37.6457166667
1658,18.1260666667,40.49895
1659,12.7356166667,45.5271
1660,8.962211111,44.38760833
1661,9.3893666669,41.2032833335
1662,9.389366667,41.2032833336
1663,8.5332333333,39.77965
1664,9.1143833333,39.2049
1665,16.7632833333,40.2555166667
1666,10.5286833333,43.15295
1667,15.5688833333,38.2056666665
1668,14.7145,42.6077333333
1669,8.488976,40.829613
1670,17.8949333333,40.25925
1671,10.9815666667,42.70145
1672,14.8746666667,38.56135
1673,9.3893666667,41.2032833333
1674,18.3146833333,40.37975
1675,13.11145,45.6623666667
1676,15.7820833333,37.9149833333
1677,15.4132166667,37.9905666667
1678,15.6318333333,38.1285333333
1679,11.9302833333,36.8302333333
1680,9.20635,39.2178
1681,15.5451666667,41.9635
1682,15.6467333333,37.9877833333
1683,15.3485333333,37.9203666667
1684,16.9735,38.7172666667
1685,12.48895,41.5904166667
1686,9.4619166667,42.6690166667
1687,8.4681666667,40.2913833333
1688,12.8852333333,38.3055
1689,13.8130166667,41.1824333333
1690,16.1187,38.9720166667
1691,15.5688833333,38.2056666663
1692,10.5272333333,43.102
1693,9.5006,42.8101833333
1694,12.6035,38.675
1695,16.5101333333,39.8286
1696,16.6158666667,39.9435666667
1697,9.8442666667,43.3238333333
1698,16.6579166667,38.8239333333
1699,15.5688833333,38.2056666662
1700,16.6532666667,40.1222166667
1701,16.7601833333,38.8841333333
1702,13.715267,45.696999
1703,13.715269,45.697001
1704,10.16455,43.9536333333
1705,8.9455833333,44.386
1706,15.1184,36.8553166667
1707,9.6792833333,40.7779166667
1708,15.7800333333,39.8105333333
1709,13.4242833333,41.2606833333
1710,14.351455,40.778839
1711,12.5184333333,38.279
1712,12.77,37.5689666667
1713,13.367,41.2811833333
1714,17.6072166667,40.2903333333
1715,13.715268,45.697
1716,13.1687333333,38.6842666667
1717,14.7451166667,38.1662
1718,16.53575,39.8625166667
1719,16.83825,38.9081
1720,16.8222,40.3293
1721,8.378822222,40.86358333
1722,16.5744,38.5276333333
1723,15.93055,39.50345
1724,13.1306333333,43.7806666667
1725,13.8467166667,43.99
1726,16.3012666667,38.2637333333
1727,15.8926333333,38.6805833333
1728,16.5985333333,38.7938
1729,10.2688333333,43.75945
1730,15.8149,38.3146666667
1731,8.5612666667,39.374
1732,14.8031666667,42.6038333333
1733,9.5430666667,42.33655
1734,14.7211333333,42.1046166667
1735,7.1611833333,43.65285
1736,18.49165,40.1473
1737,17.424,40.32615
1738,8.184276,44.0121389
1739,10.7309166667,36.4233166667
1740,8.1601166667,43.9771666667
1741,18.2145666667,40.4616166667
1742,16.5783,38.5648666667
1743,18.39855,39.8854833333
1744,9.1592833333,41.3842333333
1745,10.7543833333,42.9172166667
1746,13.95005,40.7434333333
1747,15.5688833333,38.2056666664
1748,12.4257833333,41.6439166667
1749,14.6273666667,40.6476833333
1750,17.1357333333,39.7305
1751,8.9935833333,41.4705
1752,13.2262833333,41.2807166667
1753,15.94755,39.4953833333
1754,8.3141666667,39.1312833333
1755,17.33855,40.3609666667
1756,16.02983056,39.35679722
1757,14.85865,38.1691
1758,18.1028666667,39.8880166667
1759,17.1146833333,39.2561833333
1760,15.81505,39.67505
1761,7.4997666667,43.7680333333
1762,13.7194,41.2409833333
1763,9.7428833333,40.6300833333
1764,7.9685666667,43.8534666667
1765,18.336594,40.367107
1766,15.9714,38.7165
1767,14.8668666667,40.5587666667
1768,17.56835,40.29535
1769,15.2087,37.7445833333
1770,15.9100333333,41.5343
1771,10.7722,42.8929166667
1772,18.2774833333,39.8275
1773,15.5688833333,38.2056666666
1774,18.38965,40.3163
1775,16.4914166667,39.7680166667
1776,10.4067833333,43.3976833333
1777,20.5610333333,38.7102
1778,16.85675,38.9177666667
1779,8.4093333333,40.8443166667
1780,16.6149333333,39.9861333333
1781,8.184278,44.01213892
1782,17.3328,40.3556166667
1783,9.5920666667,39.2086
1784,13.8614166667,40.7417333333
1785,15.1866666667,37.6008
1786,13.8240333333,44.8476833333
1787,8.7407833333,38.9175833333
1788,9.1381333333,44.35335
1789,18.4156833333,39.9773166667
1790,12.8622166667,41.4051
1791,16.3358,38.2996333333
1792,13.6483166667,38.275
1793,8.445,44.2707166667
1794,8.510338891,44.33436391
1795,9.7044166667,40.2163333333
1796,9.1442666667,44.3526333333
1797,14.95680305,38.43473638
1798,8.5365,39.8845333333
1799,8.3666333333,39.2019666667
1800,14.95680306,38.43473639
1801,14.95680307,38.4347364
1802,14.9012,38.49373
1803,14.8746666667,38.56142
1804,14.9013,38.49374
1805,14.9014,38.49375
1806,14.95680308,38.43473641
1807,14.95680309,38.43473642
1808,14.6322333333,42.1999833333
1809,8.5507666667,39.8568
1810,14.9568031,38.43473643
1811,14.9015,38.49376
1812,14.95680311,38.43473644
1813,14.9016,38.49377
1814,14.95680312,38.43473645
1815,14.95680313,38.43473646
1816,14.9017,38.49378
1817,14.9018,38.49379
1818,14.95680314,38.43473647
1819,14.9019,38.4938
1820,14.95680315,38.43473648
1821,14.902,38.49381
1822,14.8746666667,38.56143
1823,14.9021,38.49382
1824,14.9022,38.49383
1825,14.9023,38.49384
1826,14.9024,38.49385
1827,14.95680316,38.43473649
1828,14.9025,38.49386
1829,14.95680317,38.4347365
1830,14.9026,38.49387
1831,14.9027,38.49388
1832,15.1138334,38.66087785
1833,15.11383341,38.66087786
1834,14.95680318,38.43473651
1835,14.95680319,38.43473652
1836,14.9568032,38.43473653
1837,14.9028,38.49389
1838,14.95680321,38.43473654
1839,14.9029,38.4939
1840,14.8746666667,38.56144
1841,14.903,38.49391
1842,14.9031,38.49392
1843,14.95680322,38.43473655
1844,13.10224721,41.23421666
1845,17.92835,40.6847
1846,15.9107166667,38.4840666667
1847,9.9073833333,43.4298833333
